{
  "name": "Greg",
  "level": 10,
  "hp": 80,
  "rad": 0,
  "xp": 2345,
  "special": {
    "Strength": 4,
    "Perception": 3,
    "Endurance": 5,
    "Charisma": 2,
    "Intelligence": 6,
    "Agility": 4,
    "Luck": 3
  },
  "inventory": [
    "10mm Pistol",
    "Stimpak",
    "RadAway",
    "Fusion Core",
    "Jet",
    "Hunting Rifle",
    "Nuka-Cola",
    "Power Fist",
    "Laser Pistol",
    "Frag Grenade",
    "Combat Armor",
    "First Aid Kit",
    "wooden boal"
  ],
  "quests": [
    "Find the Overseer",
    "Clear the Wasteland",
    "Help the Settlers"
  ],
  "radio": "Diamond City Radio",
  "map_player_pos": [300, 200]
}

